{"timestamp":"2025-06-16T05:00:00Z","bamm_debt":2077237.7196119796,"bamm_apr_7d":0,"bamm_apr_14d":0,"bamm_apr_30d":0.035506800262529614}