{"timestamp":"2025-06-15T03:00:00Z","bamm_debt":2082778.4831252717,"bamm_apr_7d":0,"bamm_apr_14d":0,"bamm_apr_30d":0.03549775105663605}