{"timestamp":"2025-06-22T01:00:00Z","bamm_debt":2037575.6363414275,"bamm_apr_7d":0,"bamm_apr_14d":0,"bamm_apr_30d":0.01382342634210181}