{"timestamp":"2024-12-10T06:00:00Z","bamm_debt":4352496.559794461,"bamm_apr_7d":0,"bamm_apr_14d":0,"bamm_apr_30d":0.030230163691525418}