{"timestamp":"2025-06-01T02:00:00Z","bamm_debt":2085008.3329583697,"bamm_apr_7d":0.059544720305038754,"bamm_apr_14d":0.07663762447536263,"bamm_apr_30d":null}