{"timestamp":"2025-05-25T06:00:00Z","bamm_debt":2100673.5709545338,"bamm_apr_7d":0.0937112458150537,"bamm_apr_14d":null,"bamm_apr_30d":null}