{"timestamp":"2024-08-09T16:00:00Z","bamm_debt":5152767.4832326155,"bamm_apr_7d":0.04675511172794773,"bamm_apr_14d":0.056906525377848446,"bamm_apr_30d":null}