{"timestamp":"2025-03-11T00:00:00Z","bamm_debt":2690790.311358565,"bamm_apr_7d":0,"bamm_apr_14d":0,"bamm_apr_30d":0.02237531733683857}