{"timestamp":"2025-06-08T01:00:00Z","bamm_debt":2082879.3729560827,"bamm_apr_7d":0,"bamm_apr_14d":0.029876098128765113,"bamm_apr_30d":null}