{"timestamp":"2025-05-18T01:00:00Z","bamm_debt":2096898.231845291,"bamm_apr_7d":0.20039091542686832,"bamm_apr_14d":0.09917996677635811,"bamm_apr_30d":0.042537124343424444}