{"timestamp":"2025-02-26T17:00:00Z","bamm_debt":2802165.6241311883,"bamm_apr_7d":0.06567462472234045,"bamm_apr_14d":0.04845665334240755,"bamm_apr_30d":null}