{"timestamp":"2025-03-15T22:00:00Z","bamm_debt":2679786.5734242345,"bamm_apr_7d":0,"bamm_apr_14d":0,"bamm_apr_30d":0.015271173529661935}