{"timestamp":"2025-02-22T20:00:00Z","bamm_debt":2802165.6241311883,"bamm_apr_7d":0.06572053199627749,"bamm_apr_14d":0.04842437175790247,"bamm_apr_30d":0.12069596463165101}